First Name,Last Name,Age,Occupation,Company
John,Doe,28,Engineer,Tech Solutions
Jane,Smith,34,Designer,Creative Inc.
Alice,Johnson,29,Manager,Corporate Corp
Michael,Brown,45,Analyst,Data Insights
Emily,Jones,22,Consultant,Advisors Group
David,Williams,31,Developer,Innovatech
Laura,Miller,27,Architect,BuildIt
Robert,Moore,50,CEO,Global Enterprises
Sarah,Taylor,39,Lawyer,Legal Partners
Thomas,Anderson,41,Doctor,HealthFirst
Jessica,Thomas,24,Teacher,Sunrise Academy
Matthew,Jackson,38,Scientist,Research Labs
Sophia,White,32,Nurse,MedCare
Daniel,Harris,47,Chef,Gourmet Kitchen
Megan,Martin,26,Journalist,Daily News
Jacob,Thompson,29,Plumber,FixIt Services
Ava,Garcia,33,Electrician,SparkWorks
James,Martinez,36,Mechanic,AutoFix
Chloe,Robinson,30,Pharmacist,HealthMart
Samuel,Clark,40,Pilot,Airways Inc
Olivia,Lopez,21,Dancer,PerformArts
Ryan,Walker,35,Musician,SoundWave
Grace,Hall,23,Writer,BookWorld
Justin,Allen,37,Photographer,PicturePerfect
Isabella,Young,25,null,NewAge Media
Ethan,Hernandez,44,Scientist,FutureTech
Abigail,King,42,Author,CreativeWords
Jacob,Scott,27,Chef,Delicious Bites
Samantha,Green,30,Trainer,Fitness First
Mason,Adams,48,Director,Big Screen
Aiden,Baker,26,Producer,Film Studios
Ella,Nelson,31,PR Specialist,Public Relations
Logan,Carter,34,Web Developer,NetSolutions
Aria,Mitchell,29,Marketing Manager,MarketLeaders
Lucas,Perez,43,Engineer,SmartTech
Lily,Roberts,33,Event Planner,Perfect Events
Jack,Turner,35,Construction Worker,BuildRight
Harper,Phillips,27,Accountant,Finance Experts
Alexander,Parker,41,Sales Manager,SalesPros
Emily,Evans,32,Social Worker,Film Studios
Isaac,Collins,37,IT Specialist,TechSupport
Charlotte,Stewart,28,Graphic Designer,DesignHub
William,Sanchez,39,Lawyer,Justice League
Madison,Morris,25,Chef,Flavor Town
Benjamin,Rogers,36,Plumber,PipeMasters
